INSERT INTO accounts (ldap_id, amount, account_type) VALUES ('vromanchuk', 100, 'REGULAR');
INSERT INTO accounts (ldap_id, amount, account_type) VALUES ('vkraietskyi', 400, 'REGULAR');
INSERT INTO accounts (ldap_id, full_name,amount, image, is_new, account_type, deleted)
VALUES ('ovovchuk', 'Oleksandr Vovchuk', 300,'images/default.png', false, 'REGULAR', false);
INSERT INTO accounts (ldap_id, full_name, image, is_new, account_type, deleted)
VALUES ('oyevchuk', 'Olga Yevchuk', 'images/default.png', false, 'REGULAR', false);
INSERT INTO accounts (ldap_id, full_name, amount, image, is_new, account_type, deleted)
VALUES ('vdanyliuk', 'Vasyl Danyliuk', 200, 'images/default.png', false, 'REGULAR', false);
INSERT INTO accounts (ldap_id, full_name, image, is_new, account_type, deleted)
VALUES ('omartynets', 'Oleksandr Martynets', 'images/default.png', false, 'REGULAR', false);

INSERT INTO accounts (ldap_id, amount, account_type) VALUES ('account1', 100, 'REGULAR');
INSERT INTO accounts (ldap_id, amount, account_type) VALUES ('VM1', 100, 'MERCHANT');
INSERT INTO accounts (ldap_id, amount, account_type) VALUES ('account2', 200, 'REGULAR');

INSERT INTO eris VALUES ('7B5FC7B0DB19D7F73C4105424CB02A00EF290D3B',
                         '709757B52CDBAE5E3B60704E00D6BADEE41F1386EA073379D09E682ADB5C993D',
                         '7ADCF08DC7C52942D14F5A2AFD42E5887FBD85242EB9F7425BCC2D9BCE365D9E709757B52CDBAE5E3B60704E00D6BADEE41F1386EA073379D09E682ADB5C993D',
                         0,
                         'vromanchuk');
INSERT INTO eris VALUES ('00099DE18B254BBE424E0344ACE2762128159937',
                         '709757B52CDBAE5E3B60704E00D6BADEE41F1386EA073379D09E682ADB5C993D',
                         '7ADCF08DC7C52942D14F5A2AFD42E5887FBD85242EB9F7425BCC2D9BCE365D9E709757B52CDBAE5E3B60704E00D6BADEE41F1386EA073379D09E682ADB5C993D',
                         1,
                         'vdanyliuk');
INSERT INTO eris VALUES ('XXX',
                         '709757B52CDBAE5E3B60704E00D6BADEE41F1386EA073379D09E682ADB5C993D',
                         '7ADCF08DC7C52942D14F5A2AFD42E5887FBD85242EB9F7425BCC2D9BCE365D9E709757B52CDBAE5E3B60704E00D6BADEE41F1386EA073379D09E682ADB5C993D',
                         1,
                         'vkraietskyi');
INSERT INTO eris VALUES ('3',
                         '709757B52CDBAE5E3B60704E00D6BADEE41F1386EA073379D09E682ADB5C993D',
                         '7ADCF08DC7C52942D14F5A2AFD42E5887FBD85242EB9F7425BCC2D9BCE365D9E709757B52CDBAE5E3B60704E00D6BADEE41F1386EA073379D09E682ADB5C993D',
                         1,
                         'VM1');
INSERT INTO eris VALUES ('2',
                         '709757B52CDBAE5E3B60704E00D6BADEE41F1386EA073379D09E682ADB5C993D',
                         '7ADCF08DC7C52942D14F5A2AFD42E5887FBD85242EB9F7425BCC2D9BCE365D9E709757B52CDBAE5E3B60704E00D6BADEE41F1386EA073379D09E682ADB5C993D',
                         1,
                         'account1');
INSERT INTO eris VALUES ('1',
                         '709757B52CDBAE5E3B60704E00D6BADEE41F1386EA073379D09E682ADB5C993D',
                         '7ADCF08DC7C52942D14F5A2AFD42E5887FBD85242EB9F7425BCC2D9BCE365D9E709757B52CDBAE5E3B60704E00D6BADEE41F1386EA073379D09E682ADB5C993D',
                         1,
                         'account2');



INSERT INTO transactions (id,account_ldap_id, destination_ldap_id, amount, comment, created, status, error, remain, eris_transaction_id)
 VALUES (1,'ovovchuk','vdanyliuk',100,'Filling account vdanyliuk by 100 coins',         '2016-11-11 05:28:20','SUCCESS',NULL,NULL,         '5C37675ECFADF13DF7ECA8165FE278AB264655D9');
INSERT INTO transactions (account_ldap_id, destination_ldap_id, amount, comment, created, status, error, remain, eris_transaction_id) VALUES ('ovovchuk','oyevchuk',100,'Filling account vdanyliuk by 100 coins',         '2016-11-12 05:29:05','SUCCESS',NULL,NULL,         '2A6A14CB249BB7FE0D8494BAA82244D20A1EF684');
INSERT INTO transactions (account_ldap_id, destination_ldap_id, amount, comment, created, status, error, remain, eris_transaction_id) VALUES ('ovovchuk','oyevchuk',1000,'Filling account vdanyliuk by 1000 coins',       '2016-11-13 06:28:20','SUCCESS',NULL,NULL,       '5C37675ECFADF13DF7ECA8165FE2FFFB264655D9');
INSERT INTO transactions (account_ldap_id, destination_ldap_id, amount, comment, created, status, error, remain, eris_transaction_id) VALUES ('ovovchuk','vdanyliuk',1000,'Filling account vdanyliuk by 1000 coins',       '2016-11-14 06:29:05','SUCCESS',NULL,NULL,       '2A6A14CB249BB7FE0D8494BCCC2244D20A1EF684');
INSERT INTO transactions (account_ldap_id, destination_ldap_id, amount, comment, created, status, error, remain, eris_transaction_id) VALUES ('ovovchuk','vdanyliuk',10000,'Filling account vdanyliuk by 10000 coins',     '2016-11-15 07:28:20','SUCCESS',NULL,NULL,     '5C37675ECFADF13DF7ECA8165FE27BBB264655D9');
INSERT INTO transactions (account_ldap_id, destination_ldap_id, amount, comment, created, status, error, remain, eris_transaction_id) VALUES ('vdanyliuk','oyevchuk',10000,'Filling account vdanyliuk by 10000 coins',     '2016-11-16 07:29:05','SUCCESS',NULL,NULL,     '2A6A14CB249BB7FE0D8494EEE82244D20A1EF684');
INSERT INTO transactions (account_ldap_id, destination_ldap_id, amount, comment, created, status, error, remain, eris_transaction_id) VALUES ('vdanyliuk','ovovchuk',100000,'Filling account vdanyliuk by 100000 coins',   '2016-11-17 08:28:20','SUCCESS',NULL,NULL,   '5C37675ECFADF13DDDECA8165FE278AB264655D9');
INSERT INTO transactions (account_ldap_id, destination_ldap_id, amount, comment, created, status, error, remain, eris_transaction_id) VALUES ('vdanyliuk','ovovchuk',100000,'Filling account vdanyliuk by 100000 coins',   '2016-11-18 08:29:05','SUCCESS',NULL,NULL,   '2A6A14CB249BB7FEFF8494BAA82244D20A1EF684');
INSERT INTO transactions (account_ldap_id, destination_ldap_id, amount, comment, created, status, error, remain, eris_transaction_id) VALUES ('oyevchuk','vdanyliuk',1000000,'Filling account vdanyliuk by 1000000 coins', '2016-11-19 09:28:20','SUCCESS',NULL,NULL, '5437675ECFADF13DF7ECA8165FE278AB264655D9');
INSERT INTO transactions (account_ldap_id, destination_ldap_id, amount, comment, created, status, error, remain, eris_transaction_id) VALUES ('oyevchuk','ovovchuk',1000000,'Filling account vdanyliuk by 1000000 coins', '2016-11-20 09:29:05','SUCCESS',NULL,NULL, '2A3333CB249BB7FE0D8494BAA82244D1234EF684');
INSERT INTO transactions (account_ldap_id, destination_ldap_id, amount, comment, created, status, error, remain, eris_transaction_id) VALUES ('omartynets','ovovchuk',1000000000,'Filling account ovovchuk by 100000 coins',   '2016-11-18 08:29:05','SUCCESS',NULL,NULL,   '2A6A14CB249BB7FEFF8494BAA82244D20A1EF684');
INSERT INTO transactions (account_ldap_id, destination_ldap_id, amount, comment, created, status, error, remain, eris_transaction_id) VALUES ('oyevchuk','omartynets',1000000000,'Return money', '2016-11-19 09:28:20','SUCCESS',NULL,NULL, '5437675ECFADF13DF7ECA8165FE278AB264655D9');
INSERT INTO transactions (account_ldap_id, destination_ldap_id, amount, comment, created, status, error, remain, eris_transaction_id) VALUES ('omartynets',null,1000000000,'Withdrow', '2016-11-20 09:29:05','SUCCESS',NULL,NULL, '2A3333CB249BB7FE0D8494BAA82244D1234EF684');
INSERT INTO transactions (account_ldap_id, destination_ldap_id, amount, comment, created, status, error, remain, eris_transaction_id) VALUES (null,'omartynets',1000000000,'Deposit', '2016-11-20 09:29:05','SUCCESS',NULL,NULL, '2A3333CB249BB7FE0D8494BAA82244D1234EF684');

INSERT INTO transaction_history VALUES (270, 3688719, 'SJTestChain', 'transfer', '2016-11-11 05:28:20', 1, '2C76A03ADA83E4F0A9DD9D8FBFC54E5EE4026C3F', '', 'A9059CBB000000000000000000000000558E41DD4FE5656E7961BD3D8639CB071F7EA3170000000000000000000000000000000000000000000000000000000000000000','FC7A363EE4BDDF8E83389A157D95FD12AE3A1EFB', 0, 2147483647, 0, 674, '1EFB4D8970F2F0E3A5F11FB78A23E49C04100A744D5FBE47B6F48A2F1DDB7950B9D3CEB9EA5E284EA995B8D1DA40826D34A43E1D028E0EC5D1FA7F8887565A06','5C37675ECFADF13DF7ECA8165FE278AB264655D9');
INSERT INTO transaction_history VALUES (271, 3688767, 'SJTestChain', 'transfer', '2016-11-12 05:29:05', 1, '2C76A03ADA83E4F0A9DD9D8FBFC54E5EE4026C3F', '', 'A9059CBB000000000000000000000000558E41DD4FE5656E7961BD3D8639CB071F7EA3170000000000000000000000000000000000000000000000000000000000000000','FC7A363EE4BDDF8E83389A157D95FD12AE3A1EFB', 0, 2147483647, 0, 674, '1EFB4D8970F2F0E3A5F11FB78A23E49C04100A744D5FBE47B6F48A2F1DDB7950B9D3CEB9EA5E284EA995B8D1DA40826D34A43E1D028E0EC5D1FA7F8887565A06','2A6A14CB249BB7FE0D8494BAA82244D20A1EF684');
INSERT INTO transaction_history VALUES (272, 3688999, 'SJTestChain', 'transfer', '2016-11-13 06:28:20', 1, '2C76A03ADA83E4F0A9DD9D8FBFC54E5EE4026C3F', '', 'A9059CBB000000000000000000000000558E41DD4FE5656E7961BD3D8639CB071F7EA3170000000000000000000000000000000000000000000000000000000000000000','FC7A363EE4BDDF8E83389A157D95FD12AE3A1EFB', 0, 2147483647, 0, 674, '1EFB4D8970F2F0E3A5F11FB78A23E49C04100A744D5FBE47B6F48A2F1DDB7950B9D3CEB9EA5E284EA995B8D1DA40826D34A43E1D028E0EC5D1FA7F8887565A06','5C37675ECFADF13DF7ECA8165FE2FFFB264655D9');
INSERT INTO transaction_history VALUES (273, 3698719, 'SJTestChain', 'transfer', '2016-11-14 06:29:05', 1, '2C76A03ADA83E4F0A9DD9D8FBFC54E5EE4026C3F', '', 'A9059CBB000000000000000000000000558E41DD4FE5656E7961BD3D8639CB071F7EA3170000000000000000000000000000000000000000000000000000000000000000','FC7A363EE4BDDF8E83389A157D95FD12AE3A1EFB', 0, 2147483647, 0, 674, '1EFB4D8970F2F0E3A5F11FB78A23E49C04100A744D5FBE47B6F48A2F1DDB7950B9D3CEB9EA5E284EA995B8D1DA40826D34A43E1D028E0EC5D1FA7F8887565A06','2A6A14CB249BB7FE0D8494BCCC2244D20A1EF684');
INSERT INTO transaction_history VALUES (274, 3699719, 'SJTestChain', 'transfer', '2016-11-15 07:28:20', 1, '2C76A03ADA83E4F0A9DD9D8FBFC54E5EE4026C3F', '', 'A9059CBB000000000000000000000000558E41DD4FE5656E7961BD3D8639CB071F7EA3170000000000000000000000000000000000000000000000000000000000000000','FC7A363EE4BDDF8E83389A157D95FD12AE3A1EFB', 0, 2147483647, 0, 674, '1EFB4D8970F2F0E3A5F11FB78A23E49C04100A744D5FBE47B6F48A2F1DDB7950B9D3CEB9EA5E284EA995B8D1DA40826D34A43E1D028E0EC5D1FA7F8887565A06','5C37675ECFADF13DF7ECA8165FE27BBB264655D9');
INSERT INTO transaction_history VALUES (275, 3788719, 'SJTestChain', 'transfer', '2016-11-16 07:29:05', 1, '2C76A03ADA83E4F0A9DD9D8FBFC54E5EE4026C3F', '', 'A9059CBB000000000000000000000000558E41DD4FE5656E7961BD3D8639CB071F7EA3170000000000000000000000000000000000000000000000000000000000000000','FC7A363EE4BDDF8E83389A157D95FD12AE3A1EFB', 0, 2147483647, 0, 674, '1EFB4D8970F2F0E3A5F11FB78A23E49C04100A744D5FBE47B6F48A2F1DDB7950B9D3CEB9EA5E284EA995B8D1DA40826D34A43E1D028E0EC5D1FA7F8887565A06','2A6A14CB249BB7FE0D8494EEE82244D20A1EF684');
INSERT INTO transaction_history VALUES (276, 3888719, 'SJTestChain', 'transfer', '2016-11-17 08:28:20', 1, '2C76A03ADA83E4F0A9DD9D8FBFC54E5EE4026C3F', '', 'A9059CBB000000000000000000000000558E41DD4FE5656E7961BD3D8639CB071F7EA3170000000000000000000000000000000000000000000000000000000000000000','FC7A363EE4BDDF8E83389A157D95FD12AE3A1EFB', 0, 2147483647, 0, 674, '1EFB4D8970F2F0E3A5F11FB78A23E49C04100A744D5FBE47B6F48A2F1DDB7950B9D3CEB9EA5E284EA995B8D1DA40826D34A43E1D028E0EC5D1FA7F8887565A06','5C37675ECFADF13DDDECA8165FE278AB264655D9');
INSERT INTO transaction_history VALUES (277, 3988719, 'SJTestChain', 'transfer', '2016-11-18 08:29:05', 1, '2C76A03ADA83E4F0A9DD9D8FBFC54E5EE4026C3F', '', 'A9059CBB000000000000000000000000558E41DD4FE5656E7961BD3D8639CB071F7EA3170000000000000000000000000000000000000000000000000000000000000000','FC7A363EE4BDDF8E83389A157D95FD12AE3A1EFB', 0, 2147483647, 0, 674, '1EFB4D8970F2F0E3A5F11FB78A23E49C04100A744D5FBE47B6F48A2F1DDB7950B9D3CEB9EA5E284EA995B8D1DA40826D34A43E1D028E0EC5D1FA7F8887565A06','2A6A14CB249BB7FEFF8494BAA82244D20A1EF684');
INSERT INTO transaction_history VALUES (278, 4688719, 'SJTestChain', 'transfer', '2016-11-19 09:28:20', 1, '2C76A03ADA83E4F0A9DD9D8FBFC54E5EE4026C3F', '', 'A9059CBB000000000000000000000000558E41DD4FE5656E7961BD3D8639CB071F7EA3170000000000000000000000000000000000000000000000000000000000000000','FC7A363EE4BDDF8E83389A157D95FD12AE3A1EFB', 0, 2147483647, 0, 674, '1EFB4D8970F2F0E3A5F11FB78A23E49C04100A744D5FBE47B6F48A2F1DDB7950B9D3CEB9EA5E284EA995B8D1DA40826D34A43E1D028E0EC5D1FA7F8887565A06','5437675ECFADF13DF7ECA8165FE278AB264655D9');
INSERT INTO transaction_history VALUES (279, 5688719, 'SJTestChain', 'transfer', '2016-11-20 09:29:05', 1, '2C76A03ADA83E4F0A9DD9D8FBFC54E5EE4026C3F', '', 'A9059CBB000000000000000000000000558E41DD4FE5656E7961BD3D8639CB071F7EA3170000000000000000000000000000000000000000000000000000000000000000','FC7A363EE4BDDF8E83389A157D95FD12AE3A1EFB', 0, 2147483647, 0, 674, '1EFB4D8970F2F0E3A5F11FB78A23E49C04100A744D5FBE47B6F48A2F1DDB7950B9D3CEB9EA5E284EA995B8D1DA40826D34A43E1D028E0EC5D1FA7F8887565A06','2A3333CB249BB7FE0D8494BAA82244D1234EF684');

INSERT INTO tx_calling_data VALUES (270,'100','amount');
INSERT INTO tx_calling_data VALUES (270,'356D856985632C828A04C5D337EC7B9B7BDED21D','receiver');

INSERT INTO tx_calling_data VALUES (271,'100','amount');
INSERT INTO tx_calling_data VALUES (271,'356D856985632C828A04C5D337EC7B9B7BDED21D','receiver');

INSERT INTO tx_calling_data VALUES (272,'100','amount');
INSERT INTO tx_calling_data VALUES (272,'356D856985632C828A04C5D337EC7B9B7BDED21D','receiver');

INSERT INTO tx_calling_data VALUES (273,'100','amount');
INSERT INTO tx_calling_data VALUES (273,'356D856985632C828A04C5D337EC7B9B7BDED21D','receiver');

INSERT INTO tx_calling_data VALUES (274,'100','amount');
INSERT INTO tx_calling_data VALUES (274,'356D856985632C828A04C5D337EC7B9B7BDED21D','receiver');

INSERT INTO tx_calling_data VALUES (275,'100','amount');
INSERT INTO tx_calling_data VALUES (275,'356D856985632C828A04C5D337EC7B9B7BDED21D','receiver');

INSERT INTO tx_calling_data VALUES (276,'100','amount');
INSERT INTO tx_calling_data VALUES (276,'356D856985632C828A04C5D337EC7B9B7BDED21D','receiver');

INSERT INTO tx_calling_data VALUES (277,'100','amount');
INSERT INTO tx_calling_data VALUES (277,'356D856985632C828A04C5D337EC7B9B7BDED21D','receiver');

INSERT INTO tx_calling_data VALUES (278,'100','amount');
INSERT INTO tx_calling_data VALUES (278,'356D856985632C828A04C5D337EC7B9B7BDED21D','receiver');

INSERT INTO tx_calling_data VALUES (279,'100','amount');
INSERT INTO tx_calling_data VALUES (279,'356D856985632C828A04C5D337EC7B9B7BDED21D','receiver');


